{
  "mode": "K",
  "A": [
    [
      0.0,
      1.0,
      0.0
    ],
    [
      0.0,
      0.0,
      1.0
    ],
    [
      0.0,
      -2.0,
      -3.0
    ]
  ],
  "B": [
    [
      0.0
    ],
    [
      0.0
    ],
    [
      1.0
    ]
  ],
  "poles_desired": [
    -2.0,
    -2.0,
    -10.0
  ],
  "K": [
    [
      159.9999999904561,
      53.99999999904561,
      11.0
    ]
  ],
  "poles_closed": [
    -10.000000000000002,
    -2.0000000000000018,
    -2.0000000000000018
  ]
}