{
  "mode": "KI",
  "A": [
    [
      0.0,
      1.0,
      0.0,
      0.0
    ],
    [
      20.601,
      0.0,
      0.0,
      0.0
    ],
    [
      0.0,
      0.0,
      0.0,
      1.0
    ],
    [
      -0.4905,
      0.0,
      0.0,
      0.0
    ]
  ],
  "B": [
    [
      0.0
    ],
    [
      -1.0
    ],
    [
      0.0
    ],
    [
      0.5
    ]
  ],
  "C": [
    [
      0.0,
      0.0,
      1.0,
      0.0
    ]
  ],
  "poles_desired": [
    -1.0,
    -1.0,
    -5.0,
    -5.0,
    -5.0
  ],
  "K": [
    [
      -157.63277099286444,
      -35.37311103421689,
      -56.06389398572885,
      -36.74622206843379
    ]
  ],
  "kI": -50.966156982670746,
  "poles_closed": [
    -5.000023894635255,
    -5.000023894635255,
    -4.999952210729487,
    -0.999999999999995,
    -0.999999999999995
  ]
}