{
  "mode": "Lmin",
  "A": [
    [
      0.0,
      1.0,
      0.0
    ],
    [
      0.0,
      0.0,
      1.0
    ],
    [
      -6.0,
      -11.0,
      -6.0
    ]
  ],
  "B": [
    [
      0.0
    ],
    [
      0.0
    ],
    [
      1.0
    ]
  ],
  "C": [
    [
      0.6,
      0.8,
      0.0
    ]
  ],
  "T": [
    [
      0.6,
      0.8,
      0.0
    ],
    [
      -0.8,
      0.6,
      0.0
    ],
    [
      0.0,
      0.0,
      1.0
    ]
  ],
  "Tinv": [
    [
      0.6,
      -0.7999999999999998,
      -0.0
    ],
    [
      0.8,
      0.6000000000000001,
      0.0
    ],
    [
      0.0,
      0.0,
      1.0
    ]
  ],
  "Abar": [
    [
      0.48,
      0.36000000000000004,
      0.8
    ],
    [
      -0.6400000000000001,
      -0.4800000000000001,
      0.6
    ],
    [
      -12.4,
      -1.800000000000002,
      -6.0
    ]
  ],
  "Bbar": [
    [
      0.0
    ],
    [
      0.0
    ],
    [
      1.0
    ]
  ],
  "Aaa": 0.48,
  "Aab": [
    [
      0.36000000000000004,
      0.8
    ]
  ],
  "Aba": [
    [
      -0.6400000000000001
    ],
    [
      -12.4
    ]
  ],
  "Abb": [
    [
      -0.4800000000000001,
      0.6
    ],
    [
      -1.800000000000002,
      -6.0
    ]
  ],
  "Ba": [
    [
      0.0
    ]
  ],
  "Bb": [
    [
      0.0
    ],
    [
      1.0
    ]
  ],
  "observer_poles": [
    [
      -10.0,
      0.0
    ],
    [
      -10.0,
      0.0
    ]
  ],
  "Ke": [
    [
      190.8888888888893
    ],
    [
      -69.00000000000023
    ]
  ],
  "Ahat": [
    [
      -69.20000000000016,
      -152.11111111111146
    ],
    [
      23.040000000000084,
      49.20000000000019
    ]
  ],
  "Bhat": [
    [
      -2806.1111111111136
    ],
    [
      1024.0000000000016
    ]
  ],
  "Fhat": [
    [
      0.0
    ],
    [
      1.0
    ]
  ],
  "Ctil": [
    [
      -0.7999999999999998,
      0.0
    ],
    [
      0.6000000000000001,
      0.0
    ],
    [
      0.0,
      1.0
    ]
  ],
  "Dtil": [
    [
      -152.11111111111143
    ],
    [
      115.3333333333336
    ],
    [
      -69.00000000000023
    ]
  ],
  "eig_Ahat": [
    [
      -9.999999999999982,
      4.657857119374327e-07
    ],
    [
      -9.999999999999982,
      -4.657857119374327e-07
    ]
  ],
  "charpoly_Ahat": [
    1.0,
    19.999999999999964,
    99.99999999999986
  ],
  "charpoly_desired": [
    1.0,
    20.0,
    100.0
  ],
  "charpoly_match": true
}